{
  "__type__": "cc.SpriteFrame",
  "content": {
    "name": "button",
    "atlas": "",
    "rect": {
      "x": 0,
      "y": 0,
      "width": 218,
      "height": 79
    },
    "offset": {
      "x": 0,
      "y": 0
    },
    "originalSize": {
      "width": 218,
      "height": 79
    },
    "rotated": false,
    "capInsets": [
      0,
      0,
      0,
      0
    ],
    "vertices": {
      "rawPosition": [
        -109,
        -39.5,
        0,
        109,
        -39.5,
        0,
        -109,
        39.5,
        0,
        109,
        39.5,
        0
      ],
      "indexes": [
        0,
        1,
        2,
        2,
        1,
        3
      ],
      "uv": [
        0,
        79,
        218,
        79,
        0,
        0,
        218,
        0
      ],
      "nuv": [
        0,
        0,
        1,
        0,
        0,
        1,
        1,
        1
      ],
      "minPos": {
        "x": -109,
        "y": -39.5,
        "z": 0
      },
      "maxPos": {
        "x": 109,
        "y": 39.5,
        "z": 0
      }
    },
    "texture": "0d7293e1-565c-45a0-85de-92f30ab19a0d@6c48a",
    "packable": true,
    "pixelsToUnit": 100,
    "pivot": {
      "x": 0.5,
      "y": 0.5
    },
    "meshType": 0
  }
}