{
  "gizmos-infos": {
    "is2D": true,
    "is3DIcon": false,
    "iconSize": 2,
    "gridVisible": true,
    "gridColor": [
      166,
      166,
      166,
      255
    ],
    "transformToolName": "position",
    "pivot": "pivot",
    "coordinate": "local",
    "toolsVisibility3d": true
  },
  "__version__": "1.0.0",
  "builder": {},
  "snap-configs": {
    "position": {
      "x": 1,
      "y": 1,
      "z": 1
    },
    "rotation": 1,
    "scale": 1,
    "isPositionSnapEnabled": false,
    "isRotationSnapEnabled": false,
    "isScaleSnapEnabled": false
  },
  "rect-snap-configs": {
    "enableSnapping": true,
    "snapThreshold": 4
  },
  "float-window": {
    "position": {
      "cc": {
        "Camera": {
          "dock": false,
          "top": null,
          "bottom": 10,
          "left": null,
          "right": 10
        }
      }
    }
  },
  "camera-infos": {
    "0d64aa10-f0fe-46b1-9648-f4020d64250b": {
      "position": {
        "x": 480,
        "y": 320.00000000000006,
        "z": 5000
      },
      "rotation": {
        "x": 0,
        "y": 0,
        "z": 0,
        "w": 1
      },
      "viewCenter": {
        "x": 0,
        "y": 0,
        "z": 0
      },
      "contentRect": {
        "x": 0,
        "y": 5.684341886080802e-14,
        "width": 960,
        "height": 640
      },
      "scale": 1
    },
    "c77ecaa8-c936-46c4-a5b0-98692673ed87": {
      "position": {
        "x": 844.724620117584,
        "y": 513.4787428646761,
        "z": 5000
      },
      "rotation": {
        "x": 0,
        "y": 0,
        "z": 0,
        "w": 1
      },
      "viewCenter": {
        "x": 0,
        "y": 0,
        "z": 0
      },
      "contentRect": {
        "x": 364.72462011758404,
        "y": 193.47874286467598,
        "width": 822,
        "height": 548
      },
      "scale": 0.85625
    },
    "baa73748-d609-4d64-b41c-c39763ca4bac": {
      "position": {
        "x": 649.3898123269711,
        "y": 233.63615273547134,
        "z": 5000
      },
      "rotation": {
        "x": 0,
        "y": 0,
        "z": 0,
        "w": 1
      },
      "viewCenter": {
        "x": 0,
        "y": 0,
        "z": 0
      },
      "contentRect": {
        "x": -403.658460191772,
        "y": -298.68812700778557,
        "width": 1132.4021739130435,
        "height": 726
      },
      "scale": 0.7664501048060043
    },
    "94be0f74-a662-4976-8a1a-5abde1034a30": {
      "position": {
        "x": 278.55163848472444,
        "y": 246.20813028544,
        "z": 5000
      },
      "rotation": {
        "x": 0,
        "y": 0,
        "z": 0,
        "w": 1
      },
      "viewCenter": {
        "x": 0,
        "y": 0,
        "z": 0
      },
      "contentRect": {
        "x": -1608.858533475832,
        "y": -386.7788796499242,
        "width": 1604.1824817518248,
        "height": 538
      },
      "scale": 0.4249692265050877
    }
  },
  "camera-uuids": [
    "0d64aa10-f0fe-46b1-9648-f4020d64250b",
    "c77ecaa8-c936-46c4-a5b0-98692673ed87",
    "baa73748-d609-4d64-b41c-c39763ca4bac",
    "94be0f74-a662-4976-8a1a-5abde1034a30"
  ],
  "camera": {
    "color": [
      48,
      48,
      48,
      255
    ],
    "fov": 45,
    "far": 10000,
    "near": 0.01,
    "wheelSpeed": 0.01,
    "wanderSpeed": 10,
    "enableAcceleration": true,
    "size": "__default_design__",
    "far2D": 10000,
    "near2D": 1,
    "wheelSpeed2D": 6,
    "iso": 0,
    "aperture": 19,
    "shutter": 7
  }
}
