{
  "version": "1.0.0",
  "map": {
    "H:\\testWorks\\interview\\assets\\resources.meta": {
      "time": 1721369595412.7874
    },
    "H:\\testWorks\\interview\\assets\\resources": {
      "time": 1721369595409.7954,
      "uuid": "f4f44772-5f5c-42ba-bc11-00e2b06c51a5"
    },
    "H:\\testWorks\\interview\\assets\\script.meta": {
      "time": 1721369601849.9797
    },
    "H:\\testWorks\\interview\\assets\\script": {
      "time": 1721381114602.29,
      "uuid": "4ca1eb43-86ed-4bfc-a858-50610e81941b"
    },
    "H:\\testWorks\\interview\\assets\\test.scene.meta": {
      "time": 1721369636719.637
    },
    "H:\\testWorks\\interview\\assets\\test.scene": {
      "time": 1721382072035.566,
      "uuid": "baa73748-d609-4d64-b41c-c39763ca4bac"
    },
    "H:\\testWorks\\interview\\assets\\script\\MatrixComp.ts.meta": {
      "time": 1721369681834.5935
    },
    "H:\\testWorks\\interview\\assets\\script\\MatrixComp.ts": {
      "time": 1721385802826.812,
      "uuid": "10b0cb5f-b05b-4ae3-b603-1e14ea451e82"
    },
    "H:\\testWorks\\interview\\assets\\script\\MatrixItem.ts.meta": {
      "time": 1721381114603.2864
    },
    "H:\\testWorks\\interview\\assets\\script\\MatrixItem.ts": {
      "time": 1721381725971.3276,
      "uuid": "4b6dad39-f452-4e48-a4df-59f4e5af1333"
    },
    "C:\\workSpace\\interview\\assets\\script": {
      "time": 1721469936048.2964,
      "uuid": "4ca1eb43-86ed-4bfc-a858-50610e81941b"
    },
    "C:\\workSpace\\interview\\assets\\script\\MatrixComp.ts": {
      "time": 1721462143900.1619,
      "uuid": "10b0cb5f-b05b-4ae3-b603-1e14ea451e82"
    },
    "C:\\workSpace\\interview\\assets\\script\\MatrixItem.ts": {
      "time": 1721456207902.4502,
      "uuid": "4b6dad39-f452-4e48-a4df-59f4e5af1333"
    },
    "C:\\workSpace\\interview\\assets\\script.meta": {
      "time": 1721369602000
    },
    "C:\\workSpace\\interview\\assets\\script\\MatrixComp.ts.meta": {
      "time": 1721369682000
    },
    "C:\\workSpace\\interview\\assets\\script\\MatrixItem.ts.meta": {
      "time": 1721381116000
    },
    "C:\\workSpace\\interview\\assets\\test.scene": {
      "time": 1721469900088.2102,
      "uuid": "baa73748-d609-4d64-b41c-c39763ca4bac"
    },
    "C:\\workSpace\\interview\\assets\\test.scene.meta": {
      "time": 1721369638000
    },
    "C:\\workSpace\\interview\\assets\\script\\MatrixEnum.ts.meta": {
      "time": 1721456237294.3806
    },
    "C:\\workSpace\\interview\\assets\\script\\MatrixEnum.ts": {
      "time": 1721456345254.3096,
      "uuid": "1b5dbfb3-2f6b-4424-8e31-1a68566b48e3"
    },
    "C:\\workSpace\\interview\\assets\\script\\Tool.ts.meta": {
      "time": 1721461607675.537
    },
    "C:\\workSpace\\interview\\assets\\script\\Tool.ts": {
      "time": 1721461626869.3367,
      "uuid": "6d2e5ec1-9598-4eb7-a39c-702f81b59bbc"
    },
    "C:\\workSpace\\interview\\assets\\script\\TimeComplexityComp.ts.meta": {
      "time": 1721462576175.229
    },
    "C:\\workSpace\\interview\\assets\\script\\TimeComplexityComp.ts": {
      "time": 1721467710829.9795,
      "uuid": "c35b4bcd-cda2-4360-a32c-3f7c007a67f5"
    },
    "C:\\workSpace\\interview\\assets\\resource.meta": {
      "time": 1721369596000
    },
    "C:\\workSpace\\interview\\assets\\resource": {
      "time": 1721533407285.0457,
      "uuid": "f4f44772-5f5c-42ba-bc11-00e2b06c51a5"
    },
    "C:\\workSpace\\interview\\assets\\resource\\button.png.meta": {
      "time": 1721469874809.3376
    },
    "C:\\workSpace\\interview\\assets\\resource\\button.png": {
      "time": 1606532736000,
      "uuid": "0d7293e1-565c-45a0-85de-92f30ab19a0d"
    },
    "C:\\workSpace\\interview\\assets\\testBtn.scene.meta": {
      "time": 1721469914601.2349
    },
    "C:\\workSpace\\interview\\assets\\testBtn.scene": {
      "time": 1721542106699.8525,
      "uuid": "94be0f74-a662-4976-8a1a-5abde1034a30"
    },
    "C:\\workSpace\\interview\\assets\\script\\TestBtn.ts.meta": {
      "time": 1721469936051.6208
    },
    "C:\\workSpace\\interview\\assets\\script\\TestBtn.ts": {
      "time": 1721538178531.862,
      "uuid": "bbc533af-787e-44a9-a106-434be4257b84"
    },
    "C:\\workSpace\\interview\\assets\\resource\\animation.anim.meta": {
      "time": 1721474098914.1267
    },
    "C:\\workSpace\\interview\\assets\\resource\\animation.anim": {
      "time": 1721482889895.2302,
      "uuid": "3f21c670-204f-44ba-bdfa-16219e84c456"
    },
    "C:\\workSpace\\interview\\assets\\resource\\open.anim.meta": {
      "time": 1721475350025.2395
    },
    "C:\\workSpace\\interview\\assets\\resource\\open.anim": {
      "time": 1721542105608.7954,
      "uuid": "d5599a78-e963-4041-9953-c845a2e35a82"
    },
    "C:\\workSpace\\interview\\assets\\resource\\click.anim.meta": {
      "time": 1721483659921.6016
    },
    "C:\\workSpace\\interview\\assets\\resource\\click.anim": {
      "time": 1721485129254.989,
      "uuid": "e7170ea6-4cdf-4202-985c-815b276ed40e"
    },
    "C:\\workSpace\\interview\\assets\\resource\\clickStart.anim.meta": {
      "time": 1721521974493.5117
    },
    "C:\\workSpace\\interview\\assets\\resource\\clickStart.anim": {
      "time": 1721532740133.6528,
      "uuid": "99fb67e3-2db8-4e76-b5f4-d0a36d3ba72d"
    },
    "C:\\workSpace\\interview\\assets\\resource\\test.anim.meta": {
      "time": 1721528076378.0586
    },
    "C:\\workSpace\\interview\\assets\\resource\\test.anim": {
      "time": 1721529508424.2502,
      "uuid": "951fa18e-660c-477e-b4f6-3487bc739e34"
    },
    "C:\\workSpace\\interview\\assets\\resource\\clickEnd.anim.meta": {
      "time": 1721533407296.8098
    },
    "C:\\workSpace\\interview\\assets\\resource\\clickEnd.anim": {
      "time": 1721538339746.2576,
      "uuid": "87410df9-e354-40ff-bd2b-268c8fae66d8"
    }
  },
  "missing": {
    "96d59d06-52c2-4311-8ca3-3eefcba1d3c6": {
      "path": "H:\\testWorks\\interview\\assets\\folder",
      "time": 1721369621697.1067,
      "removeTime": 1721369625740
    },
    "0d64aa10-f0fe-46b1-9648-f4020d64250b": {
      "path": "H:\\testWorks\\interview\\assets\\scene.scene",
      "time": 1721369653508.4106,
      "removeTime": 1721369658721
    },
    "f3bd1b33-1637-4acf-be92-0fc92f3bbdf3": {
      "path": "H:\\testWorks\\interview\\assets\\script\\folder",
      "time": 1721369663206.0002,
      "removeTime": 1721369669341
    },
    "10b0cb5f-b05b-4ae3-b603-1e14ea451e82": {
      "path": "H:\\testWorks\\interview\\assets\\script\\Juzhen.ts",
      "time": 1721369681832.5989,
      "removeTime": 1721369707437
    },
    "f4f44772-5f5c-42ba-bc11-00e2b06c51a5": {
      "path": "C:\\workSpace\\interview\\assets\\resources",
      "time": 1721369596000,
      "removeTime": 1721469868559
    },
    "b920cbbc-798c-4e9d-90cb-87f80496e22b": {
      "path": "C:\\workSpace\\interview\\assets\\resource\\Animation Graph.animgraph",
      "time": 1721477971515.5925,
      "removeTime": 1721478145045
    },
    "949617e5-af49-4c21-a558-d7d9b423099a": {
      "path": "C:\\workSpace\\interview\\assets\\resource\\Animation Graph.animgraph",
      "time": 1721478791506.6184,
      "removeTime": 1721479983912
    }
  }
}
