{
  "f4f44772-5f5c-42ba-bc11-00e2b06c51a5": {
    "url": "db://assets/resource",
    "value": {},
    "versionCode": 0
  },
  "4ca1eb43-86ed-4bfc-a858-50610e81941b": {
    "url": "db://assets/script",
    "value": {},
    "versionCode": 0
  },
  "96d59d06-52c2-4311-8ca3-3eefcba1d3c6": {
    "url": "db://assets/folder",
    "value": {},
    "versionCode": 0
  },
  "baa73748-d609-4d64-b41c-c39763ca4bac": {
    "url": "db://assets/test.scene",
    "value": {
      "depends": [
        "baa73748-d609-4d64-b41c-c39763ca4bac",
        "bd1bcaba-bd7d-4a71-b143-997c882383e4@f9941",
        "20835ba4-6145-4fbc-a58a-051ce700aa3e@f9941",
        "544e49d6-3f05-4fa8-9a9e-091f98fc2ce8@f9941",
        "951249e0-9f16-456d-8b85-a6ca954da16b@f9941",
        "7d8f9b89-4fd1-4c9f-a3ab-38ec7cded7ca@f9941"
      ],
      "dependScripts": [
        "10b0cb5f-b05b-4ae3-b603-1e14ea451e82",
        "c35b4bcd-cda2-4360-a32c-3f7c007a67f5"
      ]
    },
    "versionCode": 0
  },
  "0d64aa10-f0fe-46b1-9648-f4020d64250b": {
    "url": "db://assets/scene.scene",
    "value": {},
    "versionCode": 0
  },
  "f3bd1b33-1637-4acf-be92-0fc92f3bbdf3": {
    "url": "db://assets/script/folder",
    "value": {},
    "versionCode": 0
  },
  "10b0cb5f-b05b-4ae3-b603-1e14ea451e82": {
    "url": "db://assets/script/MatrixComp.ts",
    "value": {},
    "versionCode": 0
  },
  "4b6dad39-f452-4e48-a4df-59f4e5af1333": {
    "url": "db://assets/script/MatrixItem.ts",
    "value": {},
    "versionCode": 0
  },
  "1b5dbfb3-2f6b-4424-8e31-1a68566b48e3": {
    "url": "db://assets/script/MatrixEnum.ts",
    "value": {},
    "versionCode": 0
  },
  "6d2e5ec1-9598-4eb7-a39c-702f81b59bbc": {
    "url": "db://assets/script/Tool.ts",
    "value": {},
    "versionCode": 0
  },
  "c35b4bcd-cda2-4360-a32c-3f7c007a67f5": {
    "url": "db://assets/script/TimeComplexityComp.ts",
    "value": {},
    "versionCode": 0
  },
  "0d7293e1-565c-45a0-85de-92f30ab19a0d": {
    "url": "db://assets/resource/button.png",
    "value": {
      "depends": []
    },
    "versionCode": 0
  },
  "0d7293e1-565c-45a0-85de-92f30ab19a0d@6c48a": {
    "url": "db://assets/resource/button.png@6c48a",
    "value": {
      "depends": [
        "0d7293e1-565c-45a0-85de-92f30ab19a0d"
      ]
    },
    "versionCode": 0
  },
  "0d7293e1-565c-45a0-85de-92f30ab19a0d@f9941": {
    "url": "db://assets/resource/button.png@f9941",
    "value": {
      "depends": [
        "0d7293e1-565c-45a0-85de-92f30ab19a0d@6c48a"
      ]
    },
    "versionCode": 0
  },
  "94be0f74-a662-4976-8a1a-5abde1034a30": {
    "url": "db://assets/testBtn.scene",
    "value": {
      "depends": [
        "94be0f74-a662-4976-8a1a-5abde1034a30",
        "0d7293e1-565c-45a0-85de-92f30ab19a0d@f9941",
        "99fb67e3-2db8-4e76-b5f4-d0a36d3ba72d",
        "3f21c670-204f-44ba-bdfa-16219e84c456",
        "e7170ea6-4cdf-4202-985c-815b276ed40e",
        "d5599a78-e963-4041-9953-c845a2e35a82",
        "87410df9-e354-40ff-bd2b-268c8fae66d8"
      ],
      "dependScripts": [
        "bbc533af-787e-44a9-a106-434be4257b84"
      ]
    },
    "versionCode": 0
  },
  "bbc533af-787e-44a9-a106-434be4257b84": {
    "url": "db://assets/script/TestBtn.ts",
    "value": {},
    "versionCode": 0
  },
  "3f21c670-204f-44ba-bdfa-16219e84c456": {
    "url": "db://assets/resource/animation.anim",
    "value": {
      "depends": []
    },
    "versionCode": 0
  },
  "d5599a78-e963-4041-9953-c845a2e35a82": {
    "url": "db://assets/resource/open.anim",
    "value": {
      "depends": []
    },
    "versionCode": 0
  },
  "b920cbbc-798c-4e9d-90cb-87f80496e22b": {
    "url": "db://assets/resource/Animation Graph.animgraph",
    "value": {},
    "versionCode": 0
  },
  "949617e5-af49-4c21-a558-d7d9b423099a": {
    "url": "db://assets/resource/Animation Graph.animgraph",
    "value": {},
    "versionCode": 0
  },
  "e7170ea6-4cdf-4202-985c-815b276ed40e": {
    "url": "db://assets/resource/click.anim",
    "value": {
      "depends": []
    },
    "versionCode": 0
  },
  "99fb67e3-2db8-4e76-b5f4-d0a36d3ba72d": {
    "url": "db://assets/resource/clickStart.anim",
    "value": {
      "depends": []
    },
    "versionCode": 0
  },
  "951fa18e-660c-477e-b4f6-3487bc739e34": {
    "url": "db://assets/resource/test.anim",
    "value": {
      "depends": []
    },
    "versionCode": 0
  },
  "87410df9-e354-40ff-bd2b-268c8fae66d8": {
    "url": "db://assets/resource/clickEnd.anim",
    "value": {
      "depends": []
    },
    "versionCode": 0
  }
}
