[
  {
    "__type__": "cc.AnimationClip",
    "_name": "clickStart",
    "_objFlags": 0,
    "__editorExtras__": {
      "embeddedPlayerGroups": []
    },
    "_native": "",
    "sample": 60,
    "speed": 0.3,
    "wrapMode": 1,
    "enableTrsBlending": false,
    "_duration": 0.08333333333333333,
    "_hash": 500763545,
    "_tracks": [
      {
        "__id__": 1
      }
    ],
    "_exoticAnimation": null,
    "_events": [],
    "_embeddedPlayers": [],
    "_additiveSettings": {
      "__id__": 11
    },
    "_auxiliaryCurveEntries": []
  },
  {
    "__type__": "cc.animation.VectorTrack",
    "_binding": {
      "__type__": "cc.animation.TrackBinding",
      "path": {
        "__id__": 2
      },
      "proxy": null
    },
    "_channels": [
      {
        "__id__": 3
      },
      {
        "__id__": 5
      },
      {
        "__id__": 7
      },
      {
        "__id__": 9
      }
    ],
    "_nComponents": 3
  },
  {
    "__type__": "cc.animation.TrackPath",
    "_paths": [
      "scale"
    ]
  },
  {
    "__type__": "cc.animation.Channel",
    "_curve": {
      "__id__": 4
    }
  },
  {
    "__type__": "cc.RealCurve",
    "_times": [
      0,
      0.08333333333333333
    ],
    "_values": [
      {
        "__type__": "cc.RealKeyframeValue",
        "interpolationMode": 2,
        "tangentWeightMode": 2,
        "value": 1,
        "rightTangent": -4.916301254624852,
        "rightTangentWeight": 0.22057243518637887,
        "leftTangent": -4.916301254624852,
        "leftTangentWeight": 1,
        "easingMethod": 0,
        "__editorExtras__": {
          "broken": false
        }
      },
      {
        "__type__": "cc.RealKeyframeValue",
        "interpolationMode": 2,
        "tangentWeightMode": 3,
        "value": 0.9916272163391113,
        "rightTangent": -4.7203474044799805,
        "rightTangentWeight": 0,
        "leftTangent": -4.7203474044799805,
        "leftTangentWeight": 0.16083697974681854,
        "easingMethod": 0,
        "__editorExtras__": null
      }
    ],
    "preExtrapolation": 1,
    "postExtrapolation": 1
  },
  {
    "__type__": "cc.animation.Channel",
    "_curve": {
      "__id__": 6
    }
  },
  {
    "__type__": "cc.RealCurve",
    "_times": [
      0,
      0.08333333333333333
    ],
    "_values": [
      {
        "__type__": "cc.RealKeyframeValue",
        "interpolationMode": 0,
        "tangentWeightMode": 0,
        "value": 1,
        "rightTangent": 0,
        "rightTangentWeight": 1,
        "leftTangent": 0,
        "leftTangentWeight": 1,
        "easingMethod": 0,
        "__editorExtras__": null
      },
      {
        "__type__": "cc.RealKeyframeValue",
        "interpolationMode": 0,
        "tangentWeightMode": 0,
        "value": 0.800000011920929,
        "rightTangent": 0,
        "rightTangentWeight": 1,
        "leftTangent": 0,
        "leftTangentWeight": 1,
        "easingMethod": 0,
        "__editorExtras__": null
      }
    ],
    "preExtrapolation": 1,
    "postExtrapolation": 1
  },
  {
    "__type__": "cc.animation.Channel",
    "_curve": {
      "__id__": 8
    }
  },
  {
    "__type__": "cc.RealCurve",
    "_times": [
      0,
      0.08333333333333333
    ],
    "_values": [
      {
        "__type__": "cc.RealKeyframeValue",
        "interpolationMode": 0,
        "tangentWeightMode": 0,
        "value": 0,
        "rightTangent": 0,
        "rightTangentWeight": 1,
        "leftTangent": 0,
        "leftTangentWeight": 1,
        "easingMethod": 0,
        "__editorExtras__": null
      },
      {
        "__type__": "cc.RealKeyframeValue",
        "interpolationMode": 0,
        "tangentWeightMode": 0,
        "value": 0,
        "rightTangent": 0,
        "rightTangentWeight": 1,
        "leftTangent": 0,
        "leftTangentWeight": 1,
        "easingMethod": 0,
        "__editorExtras__": null
      }
    ],
    "preExtrapolation": 1,
    "postExtrapolation": 1
  },
  {
    "__type__": "cc.animation.Channel",
    "_curve": {
      "__id__": 10
    }
  },
  {
    "__type__": "cc.RealCurve",
    "_times": [],
    "_values": [],
    "preExtrapolation": 1,
    "postExtrapolation": 1
  },
  {
    "__type__": "cc.AnimationClipAdditiveSettings",
    "enabled": false,
    "refClip": null
  }
]